score,grade,recommendation,id,name,developer,type,capacity_mw,state,poi,queue_position_score,study_progress_score,developer_score,poi_congestion_score,characteristics_score,red_flags,green_flags
64.0,C,CONDITIONAL,0522,NYC Energy,NYC Energy LLC,ES,79.9,NY,NYC Energy LLC,25.0,2.5,10.0,15.0,11.5,Early study phase - high uncertainty,Strong queue position; Low POI congestion
64.0,C,CONDITIONAL,0683,KCE NY 2,"KCE NY 2, LLC",ES,200.0,NY,"KCE NY 2, LLC",25.0,2.5,10.0,15.0,11.5,Early study phase - high uncertainty,Strong queue position; Low POI congestion
64.0,C,CONDITIONAL,0744,Magruder BESS,"Mitchell Energy Facility, LLC",ES,20.0,NY,"Mitchell Energy Facility, LLC",25.0,2.5,10.0,15.0,11.5,Early study phase - high uncertainty,Strong queue position; Low POI congestion
64.0,C,CONDITIONAL,0787,"Levy Grid, LLC","Levy Grid, LLC",ES,150.0,NY,"Levy Grid, LLC",25.0,2.5,10.0,15.0,11.5,Early study phase - high uncertainty,Strong queue position; Low POI congestion
64.0,C,CONDITIONAL,0804,KCE NY 10,"KCE NY 10, LLC",ES,20.0,NY,"KCE NY 10, LLC",25.0,2.5,10.0,15.0,11.5,Early study phase - high uncertainty,Strong queue position; Low POI congestion
64.0,C,CONDITIONAL,0815,Bayonne Energy Center III,"Bayonne Energy Center III, LLC",ES,49.8,NY,"Bayonne Energy Center III, LLC",25.0,2.5,10.0,15.0,11.5,Early study phase - high uncertainty,Strong queue position; Low POI congestion
64.0,C,CONDITIONAL,0827,Arthur Kill Energy Storage 1,"Lighthouse Arthur Kill, LLC",ES,15.0,NY,"Lighthouse Arthur Kill, LLC",25.0,2.5,10.0,15.0,11.5,Early study phase - high uncertainty,Strong queue position; Low POI congestion
64.0,C,CONDITIONAL,0907,Harlem River Yard,"Harlem River ESS, LLC",ES,79.9,NY,"Harlem River ESS, LLC",25.0,2.5,10.0,15.0,11.5,Early study phase - high uncertainty,Strong queue position; Low POI congestion
64.0,C,CONDITIONAL,0931,Astoria Energy Storage,"East River ESS, LLC",ES,100.0,NY,"East River ESS, LLC",25.0,2.5,10.0,15.0,11.5,Early study phase - high uncertainty,Strong queue position; Low POI congestion
64.0,C,CONDITIONAL,0956,Holtsville 138kV Energy Storage,"Holtsville Energy Storage, LLC",ES,110.0,NY,"Holtsville Energy Storage, LLC",25.0,2.5,10.0,15.0,11.5,Early study phase - high uncertainty,Strong queue position; Low POI congestion
64.0,C,CONDITIONAL,0967,KCE NY 5,KCE NY 5 LLC,ES,94.0,NY,KCE NY 5 LLC,25.0,2.5,10.0,15.0,11.5,Early study phase - high uncertainty,Strong queue position; Low POI congestion
64.0,C,CONDITIONAL,0971,East Setauket Energy Storage,"East Setauket Energy Storage, LLC",ES,125.0,NY,"East Setauket Energy Storage, LLC",25.0,2.5,10.0,15.0,11.5,Early study phase - high uncertainty,Strong queue position; Low POI congestion
64.0,C,CONDITIONAL,1122,East Fishkill,"East Fishkill Storage 1, LLC",ES,205.0,NY,"East Fishkill Storage 1, LLC",25.0,2.5,10.0,15.0,11.5,Early study phase - high uncertainty,Strong queue position; Low POI congestion
64.0,C,CONDITIONAL,1123,KCE NY 29,"KCE NY 29, LLC",ES,79.0,NY,"KCE NY 29, LLC",25.0,2.5,10.0,15.0,11.5,Early study phase - high uncertainty,Strong queue position; Low POI congestion
64.0,C,CONDITIONAL,1255,Holtsville Brookhaven Battery Storage,Holtsville Brookhaven Battery Storage LLC,ES,79.9,NY,Holtsville Brookhaven Battery Storage LLC,25.0,2.5,10.0,15.0,11.5,Early study phase - high uncertainty,Strong queue position; Low POI congestion
64.0,C,CONDITIONAL,1257,Edwards Calverton Battery Storage,Edwards Calverton Battery Storage,ES,60.0,NY,Edwards Calverton Battery Storage,25.0,2.5,10.0,15.0,11.5,Early study phase - high uncertainty,Strong queue position; Low POI congestion
63.7,C,CONDITIONAL,0834,Luyster Creek Energy Storage 2,"Eastern Generation, LLC",ES,79.0,NY,"Eastern Generation, LLC",25.0,2.5,12.0,12.8,11.5,Early study phase - high uncertainty,Strong queue position; Low POI congestion
63.7,C,CONDITIONAL,0835,Luyster Creek Energy Storage 1,"Eastern Generation, LLC",ES,56.3,NY,"Eastern Generation, LLC",25.0,2.5,12.0,12.8,11.5,Early study phase - high uncertainty,Strong queue position; Low POI congestion
63.7,C,CONDITIONAL,1113,CLIES 20 MW,"Caithness LI Energy Storage, LLC",ES,20.0,NY,"Caithness LI Energy Storage, LLC",25.0,2.5,12.0,12.8,11.5,Early study phase - high uncertainty,Strong queue position; Low POI congestion
63.5,C,CONDITIONAL,0276,Homer Solar Energy Center,Homer Solar Energy Center LLC,S,90.0,NY,Homer Solar Energy Center LLC,25.0,2.5,10.0,15.0,10.9,Early study phase - high uncertainty,Strong queue position; Low POI congestion
63.5,C,CONDITIONAL,0495,Mohawk Solar,Mohawk Solar LLC,S,90.5,NY,Mohawk Solar LLC,25.0,2.5,10.0,15.0,10.9,Early study phase - high uncertainty,Strong queue position; Low POI congestion
63.5,C,CONDITIONAL,0535,Riverhead Solar 2,"Riverhead Solar 2, LLC",S,36.0,NY,"Riverhead Solar 2, LLC",25.0,2.5,10.0,15.0,10.9,Early study phase - high uncertainty,Strong queue position; Low POI congestion
63.5,C,CONDITIONAL,0545,Sky High Solar,"Sky High Solar, LLC",S,20.0,NY,"Sky High Solar, LLC",25.0,2.5,10.0,15.0,10.9,Early study phase - high uncertainty,Strong queue position; Low POI congestion
63.5,C,CONDITIONAL,0564,Rock District Solar,"Rock District Solar, LLC",S,20.0,NY,"Rock District Solar, LLC",25.0,2.5,10.0,15.0,10.9,Early study phase - high uncertainty,Strong queue position; Low POI congestion
63.5,C,CONDITIONAL,0572,Greene County 1,Hecate Energy Greene 1 LLC,S,20.0,NY,Hecate Energy Greene 1 LLC,25.0,2.5,10.0,15.0,10.9,Early study phase - high uncertainty,Strong queue position; Low POI congestion
63.5,C,CONDITIONAL,0573,Greene County 2,Hecate Energy Greene 2 LLC,S,10.0,NY,Hecate Energy Greene 2 LLC,25.0,2.5,10.0,15.0,10.9,Early study phase - high uncertainty,Strong queue position; Low POI congestion
63.5,C,CONDITIONAL,0575,Little Pond Solar,"Little Pond Solar, LLC",S,20.0,NY,"Little Pond Solar, LLC",25.0,2.5,10.0,15.0,10.9,Early study phase - high uncertainty,Strong queue position; Low POI congestion
63.5,C,CONDITIONAL,0581,Hills Solar,SunEast Hills Solar LLC,S,20.0,NY,SunEast Hills Solar LLC,25.0,2.5,10.0,15.0,10.9,Early study phase - high uncertainty,Strong queue position; Low POI congestion
63.5,C,CONDITIONAL,0584,Dog Corners Solar,SunEast Dog Corners Solar LLC,S,20.0,NY,SunEast Dog Corners Solar LLC,25.0,2.5,10.0,15.0,10.9,Early study phase - high uncertainty,Strong queue position; Low POI congestion
63.5,C,CONDITIONAL,0586,Watkins Rd Solar,Watkins Road Solar NY LLC,S,20.0,NY,Watkins Road Solar NY LLC,25.0,2.5,10.0,15.0,10.9,Early study phase - high uncertainty,Strong queue position; Low POI congestion
63.5,C,CONDITIONAL,0590,Scipio Solar,Scipio Solar NY LLC,S,18.0,NY,Scipio Solar NY LLC,25.0,2.5,10.0,15.0,10.9,Early study phase - high uncertainty,Strong queue position; Low POI congestion
63.5,C,CONDITIONAL,0591,Highview Solar,SunEast Highview Solar LLC,S,20.0,NY,SunEast Highview Solar LLC,25.0,2.5,10.0,15.0,10.9,Early study phase - high uncertainty,Strong queue position; Low POI congestion
63.5,C,CONDITIONAL,0592,Niagara Solar,Niagara NY Solar LLC,S,20.0,NY,Niagara NY Solar LLC,25.0,2.5,10.0,15.0,10.9,Early study phase - high uncertainty,Strong queue position; Low POI congestion
63.5,C,CONDITIONAL,0617,Watkins Glen Solar,"Watkins Glen Solar Energy Center, LLC",S,50.0,NY,"Watkins Glen Solar Energy Center, LLC",25.0,2.5,10.0,15.0,10.9,Early study phase - high uncertainty,Strong queue position; Low POI congestion
63.5,C,CONDITIONAL,0620,Gateway Solar Energy Center,"Gateway Solar Energy Center, LLC",S,180.0,NY,"Gateway Solar Energy Center, LLC",25.0,2.5,10.0,15.0,10.9,Early study phase - high uncertainty,Strong queue position; Low POI congestion
63.5,C,CONDITIONAL,0637,Flint Mine Solar,Flint Mine Solar LLC,S,100.0,NY,Flint Mine Solar LLC,25.0,2.5,10.0,15.0,10.9,Early study phase - high uncertainty,Strong queue position; Low POI congestion
63.5,C,CONDITIONAL,0644,Columbia County 1,"Hecate Energy Columbia County 1, LLC",S,60.0,NY,"Hecate Energy Columbia County 1, LLC",25.0,2.5,10.0,15.0,10.9,Early study phase - high uncertainty,Strong queue position; Low POI congestion
63.5,C,CONDITIONAL,0670,SunEast Skyline Solar LLC,SunEast Skyline Solar LLC,S,20.0,NY,SunEast Skyline Solar LLC,25.0,2.5,10.0,15.0,10.9,Early study phase - high uncertainty,Strong queue position; Low POI congestion
63.5,C,CONDITIONAL,0704,Bear Ridge Solar,"Bear Ridge Solar, LLC",S,100.0,NY,"Bear Ridge Solar, LLC",25.0,2.5,10.0,15.0,10.9,Early study phase - high uncertainty,Strong queue position; Low POI congestion
63.5,C,CONDITIONAL,0710,Horseshoe Solar,Horseshoe Solar Energy LLC,S,180.0,NY,Horseshoe Solar Energy LLC,25.0,2.5,10.0,15.0,10.9,Early study phase - high uncertainty,Strong queue position; Low POI congestion
63.5,C,CONDITIONAL,0716,Moraine Solar Energy Center,"Moraine Solar Energy Center, LLC",S,93.5,NY,"Moraine Solar Energy Center, LLC",25.0,2.5,10.0,15.0,10.9,Early study phase - high uncertainty,Strong queue position; Low POI congestion
63.5,C,CONDITIONAL,0720,Trelina Solar Energy Center,"Trelina Solar Energy Center, LLC",S,79.8,NY,"Trelina Solar Energy Center, LLC",25.0,2.5,10.0,15.0,10.9,Early study phase - high uncertainty,Strong queue position; Low POI congestion
63.5,C,CONDITIONAL,0721,Excelsior Energy Center,"Excelsior Energy Center, LLC",S,280.0,NY,"Excelsior Energy Center, LLC",25.0,2.5,10.0,15.0,10.9,Early study phase - high uncertainty,Strong queue position; Low POI congestion
63.5,C,CONDITIONAL,0734,Ticonderoga Solar,ELP Ticonderoga Solar LLC,S,20.0,NY,ELP Ticonderoga Solar LLC,25.0,2.5,10.0,15.0,10.9,Early study phase - high uncertainty,Strong queue position; Low POI congestion
63.5,C,CONDITIONAL,0774,Tracy Solar Energy Center,"Tracy Solar Energy Center, LLC",S,119.0,NY,"Tracy Solar Energy Center, LLC",25.0,2.5,10.0,15.0,10.9,Early study phase - high uncertainty,Strong queue position; Low POI congestion
63.5,C,CONDITIONAL,0777,White Creek Solar,"White Creek Solar, LLC",S,135.0,NY,"White Creek Solar, LLC",25.0,2.5,10.0,15.0,10.9,Early study phase - high uncertainty,Strong queue position; Low POI congestion
63.5,C,CONDITIONAL,0805,Oxbow Hill Solar,"Oxbow Hill Solar, LLC",S,140.0,NY,"Oxbow Hill Solar, LLC",25.0,2.5,10.0,15.0,10.9,Early study phase - high uncertainty,Strong queue position; Low POI congestion
63.5,C,CONDITIONAL,0807,Hilltop Solar,SunEast Hilltop Solar LLC,S,20.0,NY,SunEast Hilltop Solar LLC,25.0,2.5,10.0,15.0,10.9,Early study phase - high uncertainty,Strong queue position; Low POI congestion
63.5,C,CONDITIONAL,0811,Cider Solar,Hecate Energy Cider Solar LLC,S,500.0,NY,Hecate Energy Cider Solar LLC,25.0,2.5,10.0,15.0,10.9,Early study phase - high uncertainty,Strong queue position; Low POI congestion
63.5,C,CONDITIONAL,0828,Valley Solar,Valley Solar NY LLC,S,20.0,NY,Valley Solar NY LLC,25.0,2.5,10.0,15.0,10.9,Early study phase - high uncertainty,Strong queue position; Low POI congestion
63.5,C,CONDITIONAL,0832,CS Hawthorn Solar,"Hawthorn Solar, LLC",S,20.0,NY,"Hawthorn Solar, LLC",25.0,2.5,10.0,15.0,10.9,Early study phase - high uncertainty,Strong queue position; Low POI congestion
63.5,C,CONDITIONAL,0833,Dolan Solar,"Dolan Solar, LLC",S,20.0,NY,"Dolan Solar, LLC",25.0,2.5,10.0,15.0,10.9,Early study phase - high uncertainty,Strong queue position; Low POI congestion
63.5,C,CONDITIONAL,0843,NY37 Solar,Sandy Creek Solar LLC,S,20.0,NY,Sandy Creek Solar LLC,25.0,2.5,10.0,15.0,10.9,Early study phase - high uncertainty,Strong queue position; Low POI congestion
63.5,C,CONDITIONAL,0848,Fairway Solar,Fairway Solar NY LLC,S,20.0,NY,Fairway Solar NY LLC,25.0,2.5,10.0,15.0,10.9,Early study phase - high uncertainty,Strong queue position; Low POI congestion
63.5,C,CONDITIONAL,0855,NY13 Solar,Bald Mountain Solar LLC,S,20.0,NY,Bald Mountain Solar LLC,25.0,2.5,10.0,15.0,10.9,Early study phase - high uncertainty,Strong queue position; Low POI congestion
63.5,C,CONDITIONAL,0863,Highbanks Solar,Highbanks Solar LLC,S,12.5,NY,Highbanks Solar LLC,25.0,2.5,10.0,15.0,10.9,Early study phase - high uncertainty,Strong queue position; Low POI congestion
63.5,C,CONDITIONAL,0864,NY38 Solar,Greens Corners Solar LLC,S,120.0,NY,Greens Corners Solar LLC,25.0,2.5,10.0,15.0,10.9,Early study phase - high uncertainty,Strong queue position; Low POI congestion
63.5,C,CONDITIONAL,0865,Flat Hill Solar,Flat Hill Solar NY LLC.,S,20.0,NY,Flat Hill Solar NY LLC.,25.0,2.5,10.0,15.0,10.9,Early study phase - high uncertainty,Strong queue position; Low POI congestion
63.5,C,CONDITIONAL,0880,Brookside Solar,"Brookside Solar, LLC",S,100.0,NY,"Brookside Solar, LLC",25.0,2.5,10.0,15.0,10.9,Early study phase - high uncertainty,Strong queue position; Low POI congestion
63.5,C,CONDITIONAL,0882,Riverside Solar,"Riverside Solar, LLC",S,100.0,NY,"Riverside Solar, LLC",25.0,2.5,10.0,15.0,10.9,Early study phase - high uncertainty,Strong queue position; Low POI congestion
63.5,C,CONDITIONAL,0883,Garnet Energy Center,"Garnet Energy Center, LLC",S,200.0,NY,"Garnet Energy Center, LLC",25.0,2.5,10.0,15.0,10.9,Early study phase - high uncertainty,Strong queue position; Low POI congestion
63.5,C,CONDITIONAL,0885,Grassy Knoll Solar,Grassy Knoll Solar NY LLC,S,20.0,NY,Grassy Knoll Solar NY LLC,25.0,2.5,10.0,15.0,10.9,Early study phase - high uncertainty,Strong queue position; Low POI congestion
63.5,C,CONDITIONAL,0932,Hatchery Solar,Hatchery Solar LLC,S,20.0,NY,Hatchery Solar LLC,25.0,2.5,10.0,15.0,10.9,Early study phase - high uncertainty,Strong queue position; Low POI congestion
63.5,C,CONDITIONAL,0950,Hemlock Ridge Solar,Hemlock Ridge Solar LLC,S,200.0,NY,Hemlock Ridge Solar LLC,25.0,2.5,10.0,15.0,10.9,Early study phase - high uncertainty,Strong queue position; Low POI congestion
63.5,C,CONDITIONAL,0953,Sugar Maple Solar,"Sugar Maple Solar, LLC",S,125.0,NY,"Sugar Maple Solar, LLC",25.0,2.5,10.0,15.0,10.9,Early study phase - high uncertainty,Strong queue position; Low POI congestion
63.5,C,CONDITIONAL,0995,Alabama Solar Park LLC,Alabama Solar Park LLC,S,130.0,NY,Alabama Solar Park LLC,25.0,2.5,10.0,15.0,10.9,Early study phase - high uncertainty,Strong queue position; Low POI congestion
63.5,C,CONDITIONAL,1003,Clear View Solar,Clear View LLC,S,20.0,NY,Clear View LLC,25.0,2.5,10.0,15.0,10.9,Early study phase - high uncertainty,Strong queue position; Low POI congestion
63.5,C,CONDITIONAL,1009,Yellow Barn Solar,"Yellow Barn Solar, LLC",S,160.0,NY,"Yellow Barn Solar, LLC",25.0,2.5,10.0,15.0,10.9,Early study phase - high uncertainty,Strong queue position; Low POI congestion
63.5,C,CONDITIONAL,1015,"Somers Solar, LLC","Somers Solar, LLC",S,20.0,NY,"Somers Solar, LLC",25.0,2.5,10.0,15.0,10.9,Early study phase - high uncertainty,Strong queue position; Low POI congestion
63.5,C,CONDITIONAL,1039,Morris Solar,Morris Solar NY LLC,S,20.0,NY,Morris Solar NY LLC,25.0,2.5,10.0,15.0,10.9,Early study phase - high uncertainty,Strong queue position; Low POI congestion
63.5,C,CONDITIONAL,1051,Transit Solar,SED NY Holding LLC,S,20.0,NY,SED NY Holding LLC,25.0,2.5,10.0,15.0,10.9,Early study phase - high uncertainty,Strong queue position; Low POI congestion
63.5,C,CONDITIONAL,1079,Somerset Solar,"Somerset Solar, LLC",S,125.0,NY,"Somerset Solar, LLC",25.0,2.5,10.0,15.0,10.9,Early study phase - high uncertainty,Strong queue position; Low POI congestion
63.5,C,CONDITIONAL,1080,Mineral Basin Solar Power,"Mineral Basin Solar Power, LLC",S,401.6,PA,"Mineral Basin Solar Power, LLC",25.0,2.5,10.0,15.0,10.9,Early study phase - high uncertainty,Strong queue position; Low POI congestion
63.5,C,CONDITIONAL,1151,York Run Solar,"York Run Solar, LLC",S,90.0,NY,"York Run Solar, LLC",25.0,2.5,10.0,15.0,10.9,Early study phase - high uncertainty,Strong queue position; Low POI congestion
63.5,C,CONDITIONAL,1166,BR Benson Mines Solar,BR Project 1 LLC,S,12.1,NY,BR Project 1 LLC,25.0,2.5,10.0,15.0,10.9,Early study phase - high uncertainty,Strong queue position; Low POI congestion
63.5,C,CONDITIONAL,1183,NY125A - Fort Covington Solar,Fort Covington Solar LLC,S,250.0,NY,Fort Covington Solar LLC,25.0,2.5,10.0,15.0,10.9,Early study phase - high uncertainty,Strong queue position; Low POI congestion
63.5,C,CONDITIONAL,1184,NY125B - Two Rivers Solar,"Two Rivers Solar Farm, LLC",S,200.0,NY,"Two Rivers Solar Farm, LLC",25.0,2.5,10.0,15.0,10.9,Early study phase - high uncertainty,Strong queue position; Low POI congestion
63.5,C,CONDITIONAL,1188,"North Seneca Solar Project, LLC",North Seneca Solar Project,S,90.0,NY,North Seneca Solar Project,25.0,2.5,10.0,15.0,10.9,Early study phase - high uncertainty,Strong queue position; Low POI congestion
63.2,C,CONDITIONAL,1000,SunEast Flat Stone Solar LLC,SED NY Holdings LLC,S,20.0,NY,SED NY Holdings LLC,25.0,2.5,12.0,12.8,10.9,Early study phase - high uncertainty,Strong queue position; Low POI congestion
63.2,C,CONDITIONAL,1089,Flat Creek Solar,Flat Creek Solar NY LLC,S,200.0,NY,Flat Creek Solar NY LLC,25.0,2.5,12.0,12.8,10.9,Early study phase - high uncertainty,Strong queue position; Low POI congestion
63.0,C,CONDITIONAL,0737,Empire Wind 1,Empire Offshore Wind LLC,OSW,816.0,NY,Empire Offshore Wind LLC,25.0,2.5,10.0,15.0,10.5,Early study phase - high uncertainty,Strong queue position; Low POI congestion
62.9,C,CONDITIONAL,0519,Canisteo Wind,Canisteo Wind Energy LLC,W,290.7,NY,Canisteo Wind Energy LLC,25.0,2.5,10.0,15.0,10.4,Early study phase - high uncertainty,Strong queue position; Low POI congestion
62.9,C,CONDITIONAL,0521,Bull Run II Wind,Bull Run Energy LLC,W,449.0,NY,Bull Run Energy LLC,25.0,2.5,10.0,15.0,10.4,Early study phase - high uncertainty,Strong queue position; Low POI congestion
62.9,C,CONDITIONAL,0571,Heritage Wind,"Heritage Wind, LLC",W,126.0,NY,"Heritage Wind, LLC",25.0,2.5,10.0,15.0,10.4,Early study phase - high uncertainty,Strong queue position; Low POI congestion
62.9,C,CONDITIONAL,0596,Alle Catt II Wind,Alle-Catt Wind Energy LLC,W,339.1,NY,Alle-Catt Wind Energy LLC,25.0,2.5,10.0,15.0,10.4,Early study phase - high uncertainty,Strong queue position; Low POI congestion
62.9,C,CONDITIONAL,0706,High Bridge Wind,"High Bridge Wind, LLC",W,100.8,NY,"High Bridge Wind, LLC",25.0,2.5,10.0,15.0,10.4,Early study phase - high uncertainty,Strong queue position; Low POI congestion
62.9,C,CONDITIONAL,0801,Prattsburgh Wind Farm,"Prattsburgh Wind, LLC",W,147.0,NY,"Prattsburgh Wind, LLC",25.0,2.5,10.0,15.0,10.4,Early study phase - high uncertainty,Strong queue position; Low POI congestion
62.9,C,CONDITIONAL,1130,Hoffman Falls Wind,Hoffman Falls Wind LLC,W,72.0,NY,Hoffman Falls Wind LLC,25.0,2.5,10.0,15.0,10.4,Early study phase - high uncertainty,Strong queue position; Low POI congestion
62.9,C,CONDITIONAL,1148,Agricola Wind,Agricola Wind LLC,W,97.0,NY,Agricola Wind LLC,25.0,2.5,10.0,15.0,10.4,Early study phase - high uncertainty,Strong queue position; Low POI congestion
62.8,C,CONDITIONAL,0766,Sunrise Wind,Sunrise Wind LLC,OSW,880.0,NY,Sunrise Wind LLC,25.0,2.5,12.0,12.8,10.5,Early study phase - high uncertainty,Strong queue position; Low POI congestion
61.4,C,CONDITIONAL,0580,WNY STAMP,Genesee County Economic Devel.,L,300.0,NY,Genesee County Economic Devel.,25.0,2.5,10.0,15.0,8.8,Early study phase - high uncertainty,Strong queue position; Low POI congestion
61.4,C,CONDITIONAL,0776,Greenidge Load,Greenidge Generation LLC,L,60.0,NY,Greenidge Generation LLC,25.0,2.5,10.0,15.0,8.8,Early study phase - high uncertainty,Strong queue position; Low POI congestion
61.4,C,CONDITIONAL,0783,South Ripley Solar and BESS,ConnectGen Chautauqua County LLC,CR,270.0,NY,ConnectGen Chautauqua County LLC,25.0,2.5,10.0,15.0,8.8,Early study phase - high uncertainty,Strong queue position; Low POI congestion
61.4,C,CONDITIONAL,0800,Rich Road Solar Energy Center,"Rich Road Solar Energy Center, LLC",CR,240.0,NY,"Rich Road Solar Energy Center, LLC",25.0,2.5,10.0,15.0,8.8,Early study phase - high uncertainty,Strong queue position; Low POI congestion
61.4,C,CONDITIONAL,0979,North Country Data Center,North Country Data Center,L,176.0,NY,North Country Data Center,25.0,2.5,10.0,15.0,8.8,Early study phase - high uncertainty,Strong queue position; Low POI congestion
61.4,C,CONDITIONAL,1031,Mill Point Solar,ConnectGen Montgomery County LLC,CR,250.0,NY,ConnectGen Montgomery County LLC,25.0,2.5,10.0,15.0,8.8,Early study phase - high uncertainty,Strong queue position; Low POI congestion
61.4,C,CONDITIONAL,1315,SDC St. Lawrence,"Sabey Data Center Properties, LLC",L,120.0,NY,"Sabey Data Center Properties, LLC",25.0,2.5,10.0,15.0,8.8,Early study phase - high uncertainty,Strong queue position; Low POI congestion
61.4,C,CONDITIONAL,1329,ELP Granby Solar II,ELP Granby Solar II LLC,CR,20.0,NY,ELP Granby Solar II LLC,25.0,2.5,10.0,15.0,8.8,Early study phase - high uncertainty,Strong queue position; Low POI congestion
61.4,C,CONDITIONAL,1465,Digihost load,"Digihost Technologies, Inc.",L,50.2,NY,"Digihost Technologies, Inc.",25.0,2.5,10.0,15.0,8.8,Early study phase - high uncertainty,Strong queue position; Low POI congestion
61.4,C,CONDITIONAL,1484,580 STAMP load increase,GCEDC,L,300.0,NY,GCEDC,25.0,2.5,10.0,15.0,8.8,Early study phase - high uncertainty,Strong queue position; Low POI congestion
61.4,C,CONDITIONAL,1646,POWI Project,P&M Brick LLC,L,50.0,NY,P&M Brick LLC,25.0,2.5,10.0,15.0,8.8,Early study phase - high uncertainty,Strong queue position; Low POI congestion
61.4,C,CONDITIONAL,1670,Lake Mariner Data II,Lake Mariner Data LLC,L,250.0,NY,Lake Mariner Data LLC,25.0,2.5,10.0,15.0,8.8,Early study phase - high uncertainty,Strong queue position; Low POI congestion
61.4,C,CONDITIONAL,1681,Niagara Digital Campus,Niagara Falls Redevelopment LLC,L,140.0,NY,Niagara Falls Redevelopment LLC,25.0,2.5,10.0,15.0,8.8,Early study phase - high uncertainty,Strong queue position; Low POI congestion
61.4,C,CONDITIONAL,1713,Project Sycamore Orangeburg,Project Sycamore - Orangeburg,L,22.3,NY,Project Sycamore - Orangeburg,25.0,2.5,10.0,15.0,8.8,Early study phase - high uncertainty,Strong queue position; Low POI congestion
61.4,C,CONDITIONAL,1714,Hudson Valley Data Center,Robert Delcalzo,L,25.0,NY,Robert Delcalzo,25.0,2.5,10.0,15.0,8.8,Early study phase - high uncertainty,Strong queue position; Low POI congestion
61.4,C,CONDITIONAL,1715,1547 CSR - Orangeburg LLC,Jerry Martin,L,60.0,NJ,Jerry Martin,25.0,2.5,10.0,15.0,8.8,Early study phase - high uncertainty,Strong queue position; Low POI congestion
61.4,C,CONDITIONAL,1716,Orangeburg Expansion Phase 2,"DataBank Holdings, LLC",L,60.0,NY,"DataBank Holdings, LLC",25.0,2.5,10.0,15.0,8.8,Early study phase - high uncertainty,Strong queue position; Low POI congestion
61.4,C,CONDITIONAL,1721,Brookhaven Logistics Center,WF Industrial XII LLC,L,176.6,NY,WF Industrial XII LLC,25.0,2.5,10.0,15.0,8.8,Early study phase - high uncertainty,Strong queue position; Low POI congestion
61.4,C,CONDITIONAL,1725,Greenidge 200 MW Data Center Project,"Greenidge Generation, LLC",L,200.0,NY,"Greenidge Generation, LLC",25.0,2.5,10.0,15.0,8.8,Early study phase - high uncertainty,Strong queue position; Low POI congestion
61.4,C,CONDITIONAL,1726,Data & Technology Campus,"Riverview Innovation & Technology Campus, Inc.",L,300.0,NY,"Riverview Innovation & Technology Campus, Inc.",25.0,2.5,10.0,15.0,8.8,Early study phase - high uncertainty,Strong queue position; Low POI congestion
61.4,C,CONDITIONAL,1732,Wulf Compute Data Center II,TeraWulf Brookings LLC,L,250.0,NY,TeraWulf Brookings LLC,25.0,2.5,10.0,15.0,8.8,Early study phase - high uncertainty,Strong queue position; Low POI congestion
61.4,C,CONDITIONAL,1736,Ranalli SuperDC,Ranalli SuperDC LLC,L,300.0,NY,Ranalli SuperDC LLC,25.0,2.5,10.0,15.0,8.8,Early study phase - high uncertainty,Strong queue position; Low POI congestion
61.4,C,CONDITIONAL,1737,Griffiss Park Triangle Development,Griffiss Utility Services Corporation,L,56.0,NY,Griffiss Utility Services Corporation,25.0,2.5,10.0,15.0,8.8,Early study phase - high uncertainty,Strong queue position; Low POI congestion
61.4,C,CONDITIONAL,1741,North East Data LLC Data Center,North East Data LLC,L,150.0,NY,North East Data LLC,25.0,2.5,10.0,15.0,8.8,Early study phase - high uncertainty,Strong queue position; Low POI congestion
61.4,C,CONDITIONAL,1745,Pontoon Bridge Road Data Center,American Data Center Partners LLC,L,250.0,NY,American Data Center Partners LLC,25.0,2.5,10.0,15.0,8.8,Early study phase - high uncertainty,Strong queue position; Low POI congestion
61.4,C,CONDITIONAL,1746,OOWWTP Expansion Program,Onondaga County Department of Water Environment Protection,L,50.0,NY,Onondaga County Department of Water Environment Protection,25.0,2.5,10.0,15.0,8.8,Early study phase - high uncertainty,Strong queue position; Low POI congestion
61.4,C,CONDITIONAL,1750,Al Tech Steel Site,Advance Albany County Alliance,L,60.0,NY,Advance Albany County Alliance,25.0,2.5,10.0,15.0,8.8,Early study phase - high uncertainty,Strong queue position; Low POI congestion
61.4,C,CONDITIONAL,1751,Alcoa East Energy Allocation Project,Alcoa,L,200.0,NY,Alcoa,25.0,2.5,10.0,15.0,8.8,Early study phase - high uncertainty,Strong queue position; Low POI congestion
61.4,C,CONDITIONAL,1752,Broome County Tech Park,The Agency,L,250.0,NY,The Agency,25.0,2.5,10.0,15.0,8.8,Early study phase - high uncertainty,Strong queue position; Low POI congestion
61.4,C,CONDITIONAL,1753,"NY State Dept. of Health Lab (Harriman Campus, Albany NY)",NY State Office of General Services,L,20.0,NY,NY State Office of General Services,25.0,2.5,10.0,15.0,8.8,Early study phase - high uncertainty,Strong queue position; Low POI congestion
61.4,C,CONDITIONAL,1754,Kenwood Tech Center,EKG Group LLC,L,180.0,NY,EKG Group LLC,25.0,2.5,10.0,15.0,8.8,Early study phase - high uncertainty,Strong queue position; Low POI congestion
61.1,C,CONDITIONAL,0850,Cayuga Load,"Cayuga Operating Company, LLC",L,50.0,NY,"Cayuga Operating Company, LLC",25.0,2.5,12.0,12.8,8.8,Early study phase - high uncertainty,Strong queue position; Low POI congestion
61.1,C,CONDITIONAL,1213,St Lawrence Data and Agricultural Center,"ZeroC Data Centers, LLC",L,200.0,NY,"ZeroC Data Centers, LLC",25.0,2.5,12.0,12.8,8.8,Early study phase - high uncertainty,Strong queue position; Low POI congestion
61.1,C,CONDITIONAL,1536,White Pine Phase 1,Micron NY Semiconductor Manufacturing LLC,L,480.0,NY,Micron NY Semiconductor Manufacturing LLC,25.0,2.5,12.0,12.8,8.8,Early study phase - high uncertainty,Strong queue position; Low POI congestion
61.1,C,CONDITIONAL,1728,Arsenal Data Site 250,Arconic Corporation,L,250.0,NY,Arconic Corporation,25.0,2.5,12.0,12.8,8.8,Early study phase - high uncertainty,Strong queue position; Low POI congestion
61.1,C,CONDITIONAL,1729,Arsenal Data Site 500,Arconic Corporation,L,500.0,NY,Arconic Corporation,25.0,2.5,12.0,12.8,8.8,Early study phase - high uncertainty,Strong queue position; Low POI congestion
61.1,C,CONDITIONAL,1735,Remington Factory Redevelopment,Turin Management LLC,L,120.0,NY,Turin Management LLC,25.0,2.5,12.0,12.8,8.8,Early study phase - high uncertainty,Strong queue position; Low POI congestion
61.1,C,CONDITIONAL,1747,Globe Digital Holdings - 1,Globe Digital Holdings inc - Gjergj M Hayati,L,100.0,NY,Globe Digital Holdings inc - Gjergj M Hayati,25.0,2.5,12.0,12.8,8.8,Early study phase - high uncertainty,Strong queue position; Low POI congestion
61.1,C,CONDITIONAL,1748,GLOBE DH 2,Globe Digital Holdings inc - Gjergj M Hayati,L,100.0,NY,Globe Digital Holdings inc - Gjergj M Hayati,25.0,2.5,12.0,12.8,8.8,Early study phase - high uncertainty,Strong queue position; Low POI congestion
61.1,C,CONDITIONAL,1749,Globe DH 3,Globe Digital Holdings inc - Gjergj M Hayati,L,100.0,NY,Globe Digital Holdings inc - Gjergj M Hayati,25.0,2.5,12.0,12.8,8.8,Early study phase - high uncertainty,Strong queue position; Low POI congestion
61.1,C,CONDITIONAL,1755,Site Master Plan Expansion Phase I,Research Foundation of SUNY,L,45.0,NY,Research Foundation of SUNY,25.0,2.5,12.0,12.8,8.8,Early study phase - high uncertainty,Strong queue position; Low POI congestion
61.1,C,CONDITIONAL,1756,Site Master Plan Expansion Phase II,Research Foundation of SUNY,L,90.0,NY,Research Foundation of SUNY,25.0,2.5,12.0,12.8,8.8,Early study phase - high uncertainty,Strong queue position; Low POI congestion
60.9,C,CONDITIONAL,1738,"1 Gig Data Center East Fishkill, NY",Donovan Drive Holdings LLC,L,1000.0,NY,Donovan Drive Holdings LLC,25.0,2.5,10.0,15.0,8.4,Early study phase - high uncertainty,Strong queue position; Low POI congestion
60.6,C,CONDITIONAL,0631,NS Power Express,CHPE LLC,DC,1000.0,NY,CHPE LLC,25.0,2.5,12.0,12.8,8.4,Early study phase - high uncertainty,Strong queue position; Low POI congestion
60.6,C,CONDITIONAL,1730,Arsenal Data Site 1000,Arconic Corporation,L,1000.0,NY,Arconic Corporation,25.0,2.5,12.0,12.8,8.4,Early study phase - high uncertainty,Strong queue position; Low POI congestion
60.6,C,CONDITIONAL,1742,St. Lawrence Infrastructure 1,"St. Lawrence Infrastructure, LLC",L,860.0,NY,"St. Lawrence Infrastructure, LLC",25.0,2.5,12.0,12.8,8.4,Early study phase - high uncertainty,Strong queue position; Low POI congestion
60.0,C,CONDITIONAL,0899,Scriba-Volney Series Reactor,"Sithe/Independence Power Partners, LP",AC,,NY,"Sithe/Independence Power Partners, LP",25.0,2.5,10.0,15.0,7.5,Early study phase - high uncertainty,Strong queue position; Low POI congestion
60.0,C,CONDITIONAL,1289,Propel NY Energy - Alternate Solution 5,NY Power Authority / NY Transco LLC.,AC,,NY,NY Power Authority / NY Transco LLC.,25.0,2.5,10.0,15.0,7.5,Early study phase - high uncertainty,Strong queue position; Low POI congestion
60.0,C,CONDITIONAL,1555,Liberty Green Line,North Bergen Liberty Generating LLC,AC,,NY,North Bergen Liberty Generating LLC,25.0,2.5,10.0,15.0,7.5,Early study phase - high uncertainty,Strong queue position; Low POI congestion
60.0,C,CONDITIONAL,1667,Designated Public Policy Project Rainey Breaker Replacement,Consolidated Edison Company of NY,AC,,NY,Consolidated Edison Company of NY,25.0,2.5,10.0,15.0,7.5,Early study phase - high uncertainty,Strong queue position; Low POI congestion
60.0,C,CONDITIONAL,1671,Meyer Substation Rebuild and South Perry Substation Rebuild,NYSEG,AC,,NY,NYSEG,25.0,2.5,10.0,15.0,7.5,Early study phase - high uncertainty,Strong queue position; Low POI congestion
60.0,C,CONDITIONAL,1672,Ames Road Station,National Grid,AC,,NY,National Grid,25.0,2.5,10.0,15.0,7.5,Early study phase - high uncertainty,Strong queue position; Low POI congestion
60.0,C,CONDITIONAL,,,Number of new projects during December,,,,Number of new projects during December,25.0,2.5,10.0,15.0,7.5,Early study phase - high uncertainty,Strong queue position; Low POI congestion
60.0,C,CONDITIONAL,,,Number of new projects year to date,,,,Number of new projects year to date,25.0,2.5,10.0,15.0,7.5,Early study phase - high uncertainty,Strong queue position; Low POI congestion
60.0,C,CONDITIONAL,,,Number withdrawn during December,,,,Number withdrawn during December,25.0,2.5,10.0,15.0,7.5,Early study phase - high uncertainty,Strong queue position; Low POI congestion
60.0,C,CONDITIONAL,,,Number withdrawn year to date,,,,Number withdrawn year to date,25.0,2.5,10.0,15.0,7.5,Early study phase - high uncertainty,Strong queue position; Low POI congestion
60.0,C,CONDITIONAL,NOTES:,,● The column labeled 'SP' refers to the maximum summer megawatt electrical output.  The column labeled 'WP' refers to the maximum winter megawatt electrical output.,,,,● The column labeled 'SP' refers to the maximum summer megawatt electrical output.  The column labeled 'WP' refers to the maximum winter megawatt electrical output.,25.0,2.5,10.0,15.0,7.5,Early study phase - high uncertainty,Strong queue position; Low POI congestion
60.0,C,CONDITIONAL,,,"●  Type / Fuel Key: ST=Steam Turbine, CT=Combustion Turbine, CC, CS= Steam Turbine & Combustion Turbine, H=Hydro, PS=Pumped Storage, W, OSW= Off-Shore Wind, NU=Nuclear, NG=Natural Gas, M=Methane, SW=Solid Waste, S, Wo=Wood, F=Flywheel ES, O=Oil, C=Coal, D=Dual Fuel, AC, ",,,,"●  Type / Fuel Key: ST=Steam Turbine, CT=Combustion Turbine, CC, CS= Steam Turbine & Combustion Turbine, H=Hydro, PS=Pumped Storage, W, OSW= Off-Shore Wind, NU=Nuclear, NG=Natural Gas, M=Methane, SW=Solid Waste, S, Wo=Wood, F=Flywheel ES, O=Oil, C=Coal, D=Dual Fuel, AC, ",25.0,2.5,10.0,15.0,7.5,Early study phase - high uncertainty,Strong queue position; Low POI congestion
60.0,C,CONDITIONAL,,,● The column labeled 'Z' refers to the zone,,,,● The column labeled 'Z' refers to the zone,25.0,2.5,10.0,15.0,7.5,Early study phase - high uncertainty,Strong queue position; Low POI congestion
60.0,C,CONDITIONAL,,,"● The column labeled 'S' refers to the status of the project in the  NYISO's LFIP.  Key: 1=Scoping Meeting Pending, 2=FES Pending, 3=FES in Progress,3A=FES Approved/Performed, 4=SRIS/SIS Pending, 5=SRIS/SIS in Progress,5P=SRIS Commenced, Stopped and Pending  Adoption of IP, 6=SRIS/SIS Approved, 7=FS Pending, 8=Rejected Cost Allocation/Next FS Pending, 9=FS in Progress, 10=Accepted Cost Allocation/IA in Progress, ",,,,"● The column labeled 'S' refers to the status of the project in the  NYISO's LFIP.  Key: 1=Scoping Meeting Pending, 2=FES Pending, 3=FES in Progress,3A=FES Approved/Performed, 4=SRIS/SIS Pending, 5=SRIS/SIS in Progress,5P=SRIS Commenced, Stopped and Pending  Adoption of IP, 6=SRIS/SIS Approved, 7=FS Pending, 8=Rejected Cost Allocation/Next FS Pending, 9=FS in Progress, 10=Accepted Cost Allocation/IA in Progress, ",25.0,2.5,10.0,15.0,7.5,Early study phase - high uncertainty,Strong queue position; Low POI congestion
60.0,C,CONDITIONAL,,,"11=IA Completed, 12=Under Construction, 13=In Service for Test, 14=In Service Commercial, 0=Withdrawn, 15=Partial In-Service, P=Pending Adoption of IP Compliance with Order 2023",,,,"11=IA Completed, 12=Under Construction, 13=In Service for Test, 14=In Service Commercial, 0=Withdrawn, 15=Partial In-Service, P=Pending Adoption of IP Compliance with Order 2023",25.0,2.5,10.0,15.0,7.5,Early study phase - high uncertainty,Strong queue position; Low POI congestion
60.0,C,CONDITIONAL,,,"● Availability of Studies  Key: None=Not Available, FES=Feasibility Study Available, SRIS=System Reliability Impact Study Available, FS=Facilities Study and/or ATRA Available",,,,"● Availability of Studies  Key: None=Not Available, FES=Feasibility Study Available, SRIS=System Reliability Impact Study Available, FS=Facilities Study and/or ATRA Available",25.0,2.5,10.0,15.0,7.5,Early study phase - high uncertainty,Strong queue position; Low POI congestion
60.0,C,CONDITIONAL,,,● CY Completion/SGIA Tender refers to the Attachment X milestone used to apply the 4-year COD limitation.,,,,● CY Completion/SGIA Tender refers to the Attachment X milestone used to apply the 4-year COD limitation.,25.0,2.5,10.0,15.0,7.5,Early study phase - high uncertainty,Strong queue position; Low POI congestion
59.8,C,CONDITIONAL,1365,Queensboro Renewable Express Circuit A,"Queensboro Development, LLC",DC,,NY,"Queensboro Development, LLC",25.0,2.5,12.0,12.8,7.5,Early study phase - high uncertainty,Strong queue position; Low POI congestion
59.8,C,CONDITIONAL,1366,Queensboro Renewable Express Circuit B,"Queensboro Development, LLC",DC,,NY,"Queensboro Development, LLC",25.0,2.5,12.0,12.8,7.5,Early study phase - high uncertainty,Strong queue position; Low POI congestion
59.8,C,CONDITIONAL,1743,St. Lawrence Infrastructure 2,"St. Lawrence Infrastructure, LLC",L,1935.0,NY,"St. Lawrence Infrastructure, LLC",25.0,2.5,12.0,12.8,7.5,Early study phase - high uncertainty,Strong queue position; Low POI congestion
59.1,C,CONDITIONAL,1717,"Proposed Datacenters at 450 Broadway, Buchanan, NY, 10511",Holtec Decommissioning International (HDI),L,200.0,NY,Holtec Decommissioning International (HDI),25.0,2.5,10.0,12.8,8.8,Early study phase - high uncertainty,Strong queue position; Low POI congestion
58.0,C,CONDITIONAL,,,,,,,,25.0,2.5,8.0,15.0,7.5,Early study phase - high uncertainty,Strong queue position; Low POI congestion
58.0,C,CONDITIONAL,,,,,,,,25.0,2.5,8.0,15.0,7.5,Early study phase - high uncertainty,Strong queue position; Low POI congestion
58.0,C,CONDITIONAL,,,,,,,,25.0,2.5,8.0,15.0,7.5,Early study phase - high uncertainty,Strong queue position; Low POI congestion
58.0,C,CONDITIONAL,,,,,,,,25.0,2.5,8.0,15.0,7.5,Early study phase - high uncertainty,Strong queue position; Low POI congestion
57.8,C,CONDITIONAL,,,"DC, L=Load, FC=Fuel Cell,CW=CSR - ES + Wind, CR=CSR - ES + Solar",,,,"DC, L=Load, FC=Fuel Cell,CW=CSR - ES + Wind, CR=CSR - ES + Solar",25.0,2.5,10.0,12.8,7.5,Early study phase - high uncertainty,Strong queue position; Low POI congestion
57.8,C,CONDITIONAL,,,"● Proposed In-Service Dates, Proposed Initial Synchronization Dates and Commercial Operation Dates (COD) are shown in format Year/Qualifier, where Qualifier may indicate the month, season, or quarter.",,,,"● Proposed In-Service Dates, Proposed Initial Synchronization Dates and Commercial Operation Dates (COD) are shown in format Year/Qualifier, where Qualifier may indicate the month, season, or quarter.",25.0,2.5,10.0,12.8,7.5,Early study phase - high uncertainty,Strong queue position; Low POI congestion
57.8,C,CONDITIONAL,,,DPS/State - SIR Interconnection Queue (for Projects not subject to the NYISO process):,,,,DPS/State - SIR Interconnection Queue (for Projects not subject to the NYISO process):,25.0,2.5,10.0,12.8,7.5,Early study phase - high uncertainty,Strong queue position; Low POI congestion
57.8,C,CONDITIONAL,,,http://www3.dps.ny.gov/W/PSCWeb.nsf/All/286D2C179E9A5A8385257FBF003F1F7E?OpenDocument,,,,http://www3.dps.ny.gov/W/PSCWeb.nsf/All/286D2C179E9A5A8385257FBF003F1F7E?OpenDocument,25.0,2.5,10.0,12.8,7.5,Early study phase - high uncertainty,Strong queue position; Low POI congestion
55.3,C,CONDITIONAL,1683,Cayuga Compute,"Cayuga Operating Company, LLC",L,88.0,NY,"Cayuga Operating Company, LLC",19.2,2.5,12.0,12.8,8.8,Early study phase - high uncertainty,Low POI congestion
55.0,C,CONDITIONAL,1117,CLIES 70MW,"Caithness LI Energy Storage, LLC",ES,70.0,NY,"Caithness LI Energy Storage, LLC",16.2,2.5,12.0,12.8,11.5,Early study phase - high uncertainty,Low POI congestion
54.4,C,CONDITIONAL,0987,Sunrise Wind II,Sunrise Wind LLC,OSW,44.0,NY,Sunrise Wind LLC,16.2,2.5,12.0,12.8,10.9,Early study phase - high uncertainty,Low POI congestion
54.4,C,CONDITIONAL,1047,Millers Grove Solar,SED NY Holdings LLC,S,20.0,NY,SED NY Holdings LLC,16.2,2.5,12.0,12.8,10.9,Early study phase - high uncertainty,Low POI congestion
54.4,C,CONDITIONAL,1115,Flat Creek Solar,Flat Creek Solar NY LLC,S,100.0,NY,Flat Creek Solar NY LLC,16.2,2.5,12.0,12.8,10.9,Early study phase - high uncertainty,Low POI congestion
53.0,C,CONDITIONAL,1007,NYC Energy LLC - Phase 2,NYC Energy,ES,220.1,NY,NYC Energy,16.2,2.5,10.0,12.8,11.5,Early study phase - high uncertainty,Low POI congestion
53.0,C,CONDITIONAL,1237,Sugar Maple Energy Storage,Sugar Maple Solar,ES,20.0,NY,Sugar Maple Solar,16.2,2.5,10.0,12.8,11.5,Early study phase - high uncertainty,Low POI congestion
52.4,C,CONDITIONAL,0887,CH Uprate,CHPE LLC,DC,250.0,NY,CHPE LLC,16.2,2.5,12.0,12.8,8.8,Early study phase - high uncertainty,Low POI congestion
52.4,C,CONDITIONAL,1731,NY State Artificial Intelligence Data Center,"ZeroC Data Centers, LLC",L,300.0,NY,"ZeroC Data Centers, LLC",16.2,2.5,12.0,12.8,8.8,Early study phase - high uncertainty,Low POI congestion
52.4,C,CONDITIONAL,1740,Incremental Load Request for Remington Factory Redevelopment,Turin Management LLC,L,500.0,NY,Turin Management LLC,16.2,2.5,12.0,12.8,8.8,Early study phase - high uncertainty,Low POI congestion
52.1,C,CONDITIONAL,0930,Luyster Creek Energy Storage 3,"Eastern Generation, LLC",ES,15.0,NY,"Eastern Generation, LLC",13.3,2.5,12.0,12.8,11.5,Early study phase - high uncertainty,Low POI congestion
51.9,C,CONDITIONAL,1627,Micron Fab 2,Micron NY Semiconductor Manufacturing LLC,L,576.0,NY,Micron NY Semiconductor Manufacturing LLC,16.2,2.5,12.0,12.8,8.4,Early study phase - high uncertainty,Low POI congestion
49.4,D,CONDITIONAL,1733,Cayuga Data,"Cayuga Operating Company, LLC",L,162.0,NY,"Cayuga Operating Company, LLC",13.3,2.5,12.0,12.8,8.8,Early study phase - high uncertainty,Low POI congestion
49.0,D,CONDITIONAL,1308,Richmond Spoke,NY Power Authority,AC,,NY,NY Power Authority,16.2,2.5,10.0,12.8,7.5,Early study phase - high uncertainty,Low POI congestion
